id,title,content
1,AI in Healthcare,Artificial intelligence is improving medical diagnosis by analyzing patient data and medical images.
2,Climate Change,Global temperatures are rising due to greenhouse gas emissions and environmental changes.
3,Electric Vehicles,Electric vehicles are gaining popularity as battery costs decrease and infrastructure improves.
4,Space Exploration,Private companies are advancing space travel with reusable rockets and lunar missions.
5,Cybersecurity Threats,Organizations face increasing risks from ransomware and data breaches.
6,Online Education,Digital platforms are transforming access to education through remote learning.
7,Fintech Innovation,Financial technology is reshaping banking with mobile payments and digital wallets.
8,Renewable Energy,Solar and wind energy are essential for reducing reliance on fossil fuels.
9,AI Ethics,Concerns about bias and fairness in AI systems are growing worldwide.
10,Healthcare Costs,Rising healthcare expenses are impacting individuals and governments.
11,Quantum Computing,Quantum computers promise breakthroughs in complex problem solving.
12,Smart Cities,Urban areas are using technology to improve infrastructure and sustainability.
13,Autonomous Vehicles,Self-driving cars rely on sensors and AI to navigate safely.
14,Blockchain Technology,Blockchain enables secure and decentralized digital transactions.
15,Data Privacy,Protecting user data has become a major concern in digital platforms.
16,Cloud Computing,Businesses rely on cloud services for scalable and flexible computing resources.
17,5G Networks,Faster connectivity enables new applications in IoT and communication.
18,E-commerce Growth,Online shopping continues to expand globally with new technologies.
19,Social Media Impact,Social platforms influence communication and information sharing.
20,Robotics Industry,Robots are increasingly used in manufacturing and service industries.
21,AI in Finance,AI is used for fraud detection and automated trading systems.
22,Digital Marketing,Companies use data analytics to target and personalize advertising.
23,Green Technology,Innovations aim to reduce environmental impact and improve sustainability.
24,Healthcare AI Tools,AI assists doctors in diagnosing diseases more accurately.
25,Global Economy,Markets fluctuate due to geopolitical and economic factors.
26,Virtual Reality,VR technology creates immersive experiences in gaming and training.
27,Augmented Reality,AR overlays digital information onto the real world.
28,Supply Chain Issues,Global supply chains face disruptions due to various factors.
29,Remote Work,More companies are adopting flexible work-from-home policies.
30,Mobile Applications,Apps continue to dominate digital interaction and services.
31,Artificial General Intelligence,Researchers explore the possibility of human-level AI systems.
32,Edge Computing,Processing data closer to the source reduces latency.
33,Big Data Analytics,Large datasets are analyzed to extract valuable insights.
34,Digital Transformation,Organizations adopt technology to improve operations and services.
35,Healthcare Wearables,Devices monitor health metrics in real time.
36,Smart Homes,IoT devices automate household functions for convenience.
37,Electric Grid,Modern grids integrate renewable energy sources efficiently.
38,Transportation Systems,Technology improves traffic management and logistics.
39,Drone Technology,"Drones are used for delivery, surveillance, and mapping."
40,Food Technology,Innovations improve food production and sustainability.
41,AI in Education,AI tools personalize learning experiences for students.
42,Climate Policy,Governments implement policies to combat climate change.
43,Energy Storage,Advances in batteries support renewable energy adoption.
44,Digital Security,Encryption and security tools protect sensitive information.
45,Telemedicine,Remote healthcare services expand access to medical care.
46,Startup Ecosystem,Entrepreneurship drives innovation in technology sectors.
47,Global Trade,International trade influences economic growth and stability.
48,AI in Customer Service,Chatbots improve efficiency in customer interactions.
49,Video Streaming,Streaming platforms dominate entertainment consumption.
50,Data Centers,Infrastructure supports large-scale computing and storage needs.
51,AI Regulation,Governments consider rules to manage AI development.
52,Renewable Investments,Funding increases for sustainable energy projects.
53,Online Privacy,Users demand better control over personal data.
54,Digital Identity,Secure identity systems are essential in online services.
55,Machine Learning,Algorithms learn patterns from data to make predictions.
56,Healthcare Innovation,New technologies improve treatment and patient care.
57,Global Warming,Environmental changes affect ecosystems and weather patterns.
58,Autonomous Drones,Drones operate independently using AI and sensors.
59,Cloud Security,Protecting cloud systems is critical for businesses.
60,AI in Gaming,AI enhances gameplay and player experiences.
61,Fintech Security,Security is vital in digital financial services.
62,Education Access,Technology increases access to education worldwide.
63,Urban Planning,Cities use data to design better living environments.
64,Digital Payments,Contactless payments are becoming more common.
65,Smart Transportation,Technology optimizes public transport systems.
66,Environmental Protection,Efforts focus on preserving natural resources.
67,AI Research,Advancements continue in deep learning and neural networks.
68,Social Impact of Tech,Technology affects society and human behavior.
69,Robotics Automation,Automation improves efficiency in industries.
70,Energy Efficiency,Reducing energy consumption is a global priority.
71,Telecommunication Growth,Communication networks expand rapidly worldwide.
72,AI in Law,AI assists in legal research and document analysis.
73,Data Governance,Organizations manage data quality and compliance.
74,Climate Solutions,Innovations aim to reduce carbon emissions.
75,Digital Divide,Access to technology varies across populations.
76,Healthcare Data,Managing patient data improves outcomes.
77,AI in Marketing,AI analyzes consumer behavior for better targeting.
78,Cyber Attacks,Hackers exploit vulnerabilities in digital systems.
79,Innovation Trends,New technologies shape future industries.
80,AI Startups,Startups focus on AI-driven solutions.
81,Remote Collaboration,Tools enable teams to work across distances.
82,Sustainable Development,Efforts focus on balancing growth and environment.
83,AI Bias,Bias in models can lead to unfair outcomes.
84,Digital Infrastructure,Infrastructure supports digital transformation.
85,Tech Investment,Investors fund emerging technologies.
86,Medical Research,Research leads to new treatments and discoveries.
87,Energy Transition,Shift toward renewable energy continues globally.
88,AI Automation,Automation changes workforce dynamics.
89,Smart Devices,Devices connect and share data seamlessly.
90,Economic Trends,Global economies shift with innovation and policy.
91,AI and Jobs,Automation impacts employment and job markets.
92,Green Energy,Renewable sources reduce environmental impact.
93,Digital Innovation,Innovation drives technological advancement.
94,Cyber Defense,Security systems defend against cyber threats.
95,Tech Policy,Policies regulate technology development.
96,AI Applications,AI is used across various industries.
97,Future Technology,Emerging tech shapes future possibilities.
98,Sustainable Cities,Cities focus on sustainability and livability.
99,AI Systems,Complex AI systems require careful design.
100,Global Innovation,Innovation drives progress worldwide.